#,Età,Titolo di Studio,Other,Occupazione,Other,Ambito di Occupazione ,Reddito Mensile Personale,Regione di Residenza,Situazione Abitativa,Other,Tipologia di Abitazione,Other,Tipologia di Abitazione,Stato Civile,Other,Quanto ritieni importante proteggersi da rischi?,Attualmente hai una polizza?,Auto,Vita,Infortuni,Casa,Other,Da quanto tempo?,Hai mai avuto un sinistro?,Come ti sei trovato/a nella gestione del sinistro?,Sentirmi più sicuro/a,Proteggere me stesso/a da imprevisti,Proteggere la mia famiglia / partner,Avere copertura sanitaria,Essere obbligato (es. auto),Gestire meglio situazioni di rischio,Other,Quanto ti senti informato sui prodotti assicurativi?,Internet / Google,Social media,Siti comparatori (es. Facile.it),Agenzia assicurativa / consulente,Amici o familiari,"Video informativi (YouTube, TikTok…)",Other,Costi troppo alti,Linguaggio complicato,Poca trasparenza / chiarezza,Non mi fido delle compagnie,Non mi interessa / non è una priorità,Esperienze negative passate,Other,"Come ti piacerebbe gestire una polizza (Informazioni, preventivi, supporto, ...)?","Quando pensi a una polizza, cosa conta di più per te?",Cosa potrebbe rendere le assicurazioni più interessanti per i giovani?,audience_survey_id,Response Type,Start Date (UTC),Stage Date (UTC),Submit Date (UTC),Network ID,Tags,Ending
zz7ff0d47qsdnwyslpfkizz7ff7ymc65,31-35,Laurea Triennale,,Lavoratore Dipendente,,Farmaceutico,1500 - 2000€,Lombardia,Con partner e figli,,Appartamento,,Di proprietà,Convivente,,4,Sì,Auto,,Infortuni,,,> 3 Anni,Sì,"A livello digitale rimane scomodo compilare i campi su app diverse, meglio la carta carbone per una questione di immediatezza e sicurezza di avere i dati in mano della controparte",Sentirmi più sicuro/a,,Proteggere la mia famiglia / partner,Avere copertura sanitaria,,,,4,Internet / Google,,Siti comparatori (es. Facile.it),,Amici o familiari,,,Costi troppo alti,,Poca trasparenza / chiarezza,,,Esperienze negative passate,,"Via app, e successivamente con un consulente dedicato",Stare tranquillo,"Costi più bassi, assicurazioni brevi, raccolta punti con premialitá",,completed,2025-12-23 12:18:42,,2025-12-23 12:27:53,9757ccd1c3,,Grazie per aver contribuito alla realizzazione della mia tesi!
4hcw5vx4lhjg5vvaxjhurf4hcw5vw950,25-30,Laurea Triennale,,Lavoratore Autonomo,,IT,&gt; 2000€,Lombardia,Da solo/a,,Appartamento,,In affitto,Single,,4,Sì,Auto,Vita,Infortuni,,,> 3 Anni,No,,Sentirmi più sicuro/a,Proteggere me stesso/a da imprevisti,Proteggere la mia famiglia / partner,,,Gestire meglio situazioni di rischio,,3,,,,Agenzia assicurativa / consulente,,,,Costi troppo alti,,,,,,,"In modalità ibrida, un misto fra app e consulente",Il rapporto qualità prezzo e il servizio erogato,Costi più bassi ed eventuale bundling per ridurli ancor di più,xxxxx,completed,2025-12-23 09:44:21,,2025-12-23 09:46:36,8f475f863a,,Grazie per aver contribuito alla realizzazione della mia tesi!
vumymwv4u5sy0pvsjzvumhdn0ni3bjfy,18-24,Laurea Triennale,,Studente,,Management,1000 - 1500€,Lombardia,Con i genitori,,Appartamento,,Di proprietà,Single,,4,Sì,Auto,,,,,> 3 Anni,Sì,Mi sono sempre trovato bene nella gestione dei sinistri con l'aiuto del mio consulente,Sentirmi più sicuro/a,Proteggere me stesso/a da imprevisti,,,,Gestire meglio situazioni di rischio,,3,Internet / Google,,,Agenzia assicurativa / consulente,,,,Costi troppo alti,,,,,,,Per le richieste semplici principalmente via app altrimenti con un consulente dedicato,"la stabilità della compagnia, il costo e i servizi collegati",Costi più bassi e offerte dedicate,RR,completed,2025-12-23 09:08:23,,2025-12-23 09:11:44,8f475f863a,,Grazie per aver contribuito alla realizzazione della mia tesi!
whhbihe2vr6xfkbr9zdkwhhbihe2yaw3,18-24,Scuola Superiore,,Lavoratore Dipendente,,Retail,1500 - 2000€,Sicilia,Con coinquilini,,Appartamento,,In affitto,Single,,5,Sì,Auto,Vita,,Casa,,1 Anno,No,,Sentirmi più sicuro/a,Proteggere me stesso/a da imprevisti,Proteggere la mia famiglia / partner,Avere copertura sanitaria,,Gestire meglio situazioni di rischio,,5,Internet / Google,,Siti comparatori (es. Facile.it),,Amici o familiari,"Video informativi (YouTube, TikTok…)",,Costi troppo alti,,,Non mi fido delle compagnie,,,,con un consulente,Il prezzo è importante per me perché desidero ottenere i massimi benefici/servizi in rapporto al prezzo che pago.,Tariffe assicurative auto più basse: solo perché siamo giovani non significa che dobbiamo pagare di più.,lVcRhpT6TZbkfcoUnNqXYYJRmnN2_OwKbl3aT_1766479603,completed,2025-12-23 09:02:07,,2025-12-23 09:38:24,4f84bd9137,,Grazie per aver contribuito alla realizzazione della mia tesi!
tncer5x62047v5otrtncer8vbdi9oc9u,25-30,Scuola Superiore,,Studente,,Insegnante di educazione speciale,1500 - 2000€,Toscana,Con coinquilini,,Casa indipendente,,Di proprietà,Single,,5,Sì,Auto,,,,,1 Anno,No,,,,,Avere copertura sanitaria,Essere obbligato (es. auto),Gestire meglio situazioni di rischio,,5,Internet / Google,,,,Amici o familiari,,,Costi troppo alti,,Poca trasparenza / chiarezza,Non mi fido delle compagnie,,,,Conversazione personale con un professionista esperto,"Il costo mensile, aver bisogno di qualcosa che sia troppo costoso ma conveniente sotto ogni aspetto","Se ci fosse un incentivo ad avere una buona assicurazione, ad esempio risparmi per ogni 6 mesi senza incidenti",vc2vCs5q8YVLq4eJeED0N0yOGXs2_OwKbl3aT_1766479603,completed,2025-12-23 09:00:37,,2025-12-23 09:08:07,25d7181d26,,Grazie per aver contribuito alla realizzazione della mia tesi!
1tlfxvq29i5j4gz8zwa1tlfxm5nlhl94,31-35,Laurea Magistrale,,Lavoratore Autonomo,,Sanità,&gt; 2000€,Lombardia,Con partner e figli,,Casa indipendente,,Di proprietà,Convivente,,4,Sì,Auto,Vita,Infortuni,Casa,,> 3 Anni,Sì,Male,,,Proteggere la mia famiglia / partner,,,,,4,,,,Agenzia assicurativa / consulente,,,,,,Poca trasparenza / chiarezza,,,Esperienze negative passate,,Chat,La trasparenza,Piano di risparmio,,completed,2025-12-12 20:58:33,,2025-12-12 21:02:43,1795a1e864,,Grazie per aver contribuito alla realizzazione della mia tesi!
u121qkltdnsaf3k46u121qilxxf0vhmm,25-30,Scuola Superiore,,Lavoratore Dipendente,,Militare,1000 - 1500€,Lombardia,Con i genitori,,Appartamento,,Di proprietà,Single,,3,No,,,,,,,,,Sentirmi più sicuro/a,,Proteggere la mia famiglia / partner,Avere copertura sanitaria,,Gestire meglio situazioni di rischio,,1,Internet / Google,Social media,,,Amici o familiari,,,Costi troppo alti,Linguaggio complicato,Poca trasparenza / chiarezza,,,,,Via app,Il prezzo,Creare un’applicazione semplice da usare per i ragazzi,,completed,2025-12-12 20:07:19,,2025-12-12 20:20:25,bce1c29a4f,,Grazie per aver contribuito alla realizzazione della mia tesi!
uz4qm8faid3vo8hb8luz4qm7k6xjblwu,18-24,Laurea Magistrale,,Studente,,Fitness,&lt; 1000€,Lombardia,Con coinquilini,,Appartamento,,In affitto,Single,,3,No,,,,,,,,,Sentirmi più sicuro/a,,,,,,,1,Internet / Google,Social media,,Agenzia assicurativa / consulente,Amici o familiari,,,,Linguaggio complicato,Poca trasparenza / chiarezza,,Non mi interessa / non è una priorità,,,consulente,chiarezza,costi agevolati,,completed,2025-12-12 19:31:51,,2025-12-12 19:34:16,2881d0aa5b,,Grazie per aver contribuito alla realizzazione della mia tesi!
o9rufoonei5b2w8pmyvuro9rufooxli4,36+,Laurea Magistrale,,Lavoratore Dipendente,,Machinery,&gt; 2000€,Lombardia,Da solo/a,,Appartamento,,Di proprietà,Divorziato/a,,5,No,,,,,,,,,,,,,,Gestire meglio situazioni di rischio,,5,,,,Agenzia assicurativa / consulente,,,,,,,,Non mi interessa / non è una priorità,,,Telefono,No aver sorprese,Permettere loro di aver qualcosa da assicurare,,completed,2025-12-12 16:39:14,,2025-12-12 16:41:17,d3aac7f4aa,,Grazie per aver contribuito alla realizzazione della mia tesi!
ax3ofudwi7qbjseuiax3ofudk5z0pmsi,18-24,Laurea Triennale,,Studente,,Università,&lt; 1000€,Lombardia,Con i genitori,,Appartamento,,Di proprietà,,Fidanzata,3,Sì,Auto,,,,,> 3 Anni,No,,Sentirmi più sicuro/a,,,,,Gestire meglio situazioni di rischio,,2,,,,Agenzia assicurativa / consulente,,"Video informativi (YouTube, TikTok…)",,Costi troppo alti,,Poca trasparenza / chiarezza,,,,,Informazioni ed eventuali preventivi via chat,Essere protetta in molteplici casisitiche,Costi inferiori in modo tale da stipularle in autonomia senza supporto da parte del reddito famigliare,,completed,2025-12-12 14:56:50,,2025-12-12 15:00:23,2045b22ec3,,Grazie per aver contribuito alla realizzazione della mia tesi!
mo1ynhio1i80hnqtbfcmo1ynhjrb2ppj,18-24,Laurea Magistrale,,Studente,,Venture Capital,&lt; 1000€,Lombardia,Con coinquilini,,Appartamento,,In affitto,Single,,3,Sì,,,Infortuni,,,< 1 Anno,No,,Sentirmi più sicuro/a,Proteggere me stesso/a da imprevisti,,Avere copertura sanitaria,,Gestire meglio situazioni di rischio,,2,Internet / Google,,Siti comparatori (es. Facile.it),Agenzia assicurativa / consulente,,,,Costi troppo alti,,Poca trasparenza / chiarezza,,,,,"App, con supporto chat consulente",La trasparenza del contratto,Premi assicurativi più bassi,,completed,2025-12-12 14:10:29,,2025-12-12 14:15:31,0b8be23cb5,,Grazie per aver contribuito alla realizzazione della mia tesi!
u4ia1y4ctmdnui5kw7gd8ru4ia1ycawi,18-24,Laurea Triennale,,Lavoratore Dipendente,,Cassiera,1500 - 2000€,Lombardia,Da solo/a,,Appartamento,,Di proprietà,Convivente,,4,Sì,Auto,,,,,< 1 Anno,Sì,Lunga,,,,,Essere obbligato (es. auto),Gestire meglio situazioni di rischio,,1,,,Siti comparatori (es. Facile.it),,,,,Costi troppo alti,Linguaggio complicato,Poca trasparenza / chiarezza,,,,,Chat con una persona reale,Rapporto qualità prezzo,Spiegare il contenuto in modo comprensibile anche per chi si approccia a questo mondo nuovo,,completed,2025-12-12 12:44:31,,2025-12-12 12:48:19,4346bb8521,,Grazie per aver contribuito alla realizzazione della mia tesi!
slqehard01wmwsmslqehswarx2kd8lst,18-24,Laurea Triennale,,Studente,,Ingegneria,&lt; 1000€,Lombardia,Con i genitori,,Casa indipendente,,Di proprietà,Single,,4,Sì,Auto,,Infortuni,Casa,,> 3 Anni,Sì,Soddisfatto,Sentirmi più sicuro/a,Proteggere me stesso/a da imprevisti,,Avere copertura sanitaria,,,,2,Internet / Google,,,,,,,,,Poca trasparenza / chiarezza,,,,,Via app ma con un consulente se necessario,Che paghino per tempo e senza obiezioni,Se ne capissero la necessità,,completed,2025-12-12 12:39:25,,2025-12-12 12:44:07,8774bef918,,Grazie per aver contribuito alla realizzazione della mia tesi!
upty8czksg8ahxquuptd8ay5y9b42d9t,18-24,Laurea Triennale,,Studente,,Studente di management e governance,&lt; 1000€,Sicilia,Da solo/a,,Residenza universitaria / studentato,,,Single,,3,No,,,,,,,,,Sentirmi più sicuro/a,Proteggere me stesso/a da imprevisti,Proteggere la mia famiglia / partner,Avere copertura sanitaria,,Gestire meglio situazioni di rischio,,2,Internet / Google,,,,,"Video informativi (YouTube, TikTok…)",,Costi troppo alti,,,,Non mi interessa / non è una priorità,,,Chiamata teams,La trasparenza,Costi bassi e informazione,,completed,2025-12-12 12:27:48,,2025-12-12 12:31:50,c48c421996,,Grazie per aver contribuito alla realizzazione della mia tesi!
anel30iwezfb9e9ane1rv12ibvqkfz63,18-24,Laurea Magistrale,,Lavoratore Autonomo,,Nautica,&gt; 2000€,Lombardia,Con i genitori,,Casa indipendente,,Di proprietà,Single,,4,Sì,Auto,,,,,> 3 Anni,No,,,Proteggere me stesso/a da imprevisti,,,,Gestire meglio situazioni di rischio,,2,Internet / Google,,,Agenzia assicurativa / consulente,,,,,Linguaggio complicato,,,,,,"Via app,chat (sostanzialmente risparmiando tempo sugli spostamenti)",In caso di “tragedia” avere un salvagente,Avere delle “pubblicità” o avere delle proposte mirate sul singolo o per via della giovane età,,completed,2025-12-12 12:17:24,,2025-12-12 12:21:03,eaae52e1b3,,Grazie per aver contribuito alla realizzazione della mia tesi!
lrlil6xb5q9xgowfeclrlilzw6hhke4m,18-24,Laurea Triennale,,Studente,,Comunicazione,&lt; 1000€,Lombardia,Con i genitori,,Casa indipendente,,Di proprietà,Convivente,,5,No,,,,,,,,,,Proteggere me stesso/a da imprevisti,,,,Gestire meglio situazioni di rischio,,2,Internet / Google,,,,Amici o familiari,"Video informativi (YouTube, TikTok…)",,,Linguaggio complicato,Poca trasparenza / chiarezza,Non mi fido delle compagnie,,,,App con assistenza diretta di una persona reale (no AI),Chiarezza,Informazione corretta e promozione senza influencer,,completed,2025-12-12 12:14:07,,2025-12-12 12:19:05,9548bf1ca1,,Grazie per aver contribuito alla realizzazione della mia tesi!
cu5rfp6prhzyo2bw0cu5r8ond16vlh9z,18-24,Laurea Triennale,,Lavoratore Dipendente,,Hr,1000 - 1500€,Lombardia,Con i genitori,,Casa indipendente,,Di proprietà,Single,,4,Sì,Auto,,Infortuni,,,< 1 Anno,Sì,Sono stato aiutato,,Proteggere me stesso/a da imprevisti,,,,,,2,Internet / Google,,,Agenzia assicurativa / consulente,,,,Costi troppo alti,Linguaggio complicato,,,,,,Consulente,Convenienza e trasparenza,"Più chiarezza, linguaggio più “accessibile” (da qui anche magari incontri formativi già in età scolastica) e prezzi più sostenibili",,completed,2025-12-12 10:56:56,,2025-12-12 11:00:55,0e66c0bfbf,,Grazie per aver contribuito alla realizzazione della mia tesi!
k8zfl3uqduh00hxk8zflfmmqo160qiyd,25-30,Scuola Superiore,,Lavoratore Autonomo,,Giardinaggio,1500 - 2000€,Lombardia,Con i genitori,,Appartamento,,Di proprietà,Single,,5,No,,,,,,,,,Sentirmi più sicuro/a,,,,,,,3,Internet / Google,,,,,,,Costi troppo alti,,,,,,,Consulente,La copertura sulla sicurezza lavorativa,Costi minori,,completed,2025-12-12 10:49:56,,2025-12-12 10:53:14,355e970041,,Grazie per aver contribuito alla realizzazione della mia tesi!
qaiqn003mqpbhjqaiqyielcgz5hewqgc,25-30,Scuola Superiore,,Lavoratore Dipendente,,Progettista,1500 - 2000€,Lombardia,Con i genitori,,Casa indipendente,,Di proprietà,Single,,3,No,,,,,,,,,,,,,Essere obbligato (es. auto),,,3,Internet / Google,,,,,,,Costi troppo alti,,Poca trasparenza / chiarezza,,,,,App,Servizi,Più trasparenza e flessibilità,,completed,2025-11-26 15:17:26,,2025-11-26 15:20:07,07425a04fc,,Grazie per aver contribuito alla realizzazione della mia tesi!
36q96smllavde361juti783i8nitv6aj,18-24,Laurea Magistrale,,Studente,,Management,&lt; 1000€,Calabria,Con i genitori,,Appartamento,,In affitto,Single,,5,Sì,Auto,Vita,Infortuni,Casa,,> 3 Anni,No,,,,,,,,,3,Internet / Google,,,Agenzia assicurativa / consulente,,,,,,Poca trasparenza / chiarezza,Non mi fido delle compagnie,,,,via app,"La tranquillità di sapere che, in caso di imprevisti, sono protetto in modo chiaro e completo","Un'applicazione che spiega in maniera semplice e chiara, passo per passo ogni cosa",,completed,2025-11-26 09:49:23,,2025-11-26 09:54:16,ff904a5ea3,,Grazie per aver contribuito alla realizzazione della mia tesi!
